1)WRITE TWO DIFFERENT QUERIES THAT WOULD PRODUCE ALL ORDERS TAKEN ON OCTOBER 3RD OR 4TH, 1990.

kd4_rahul_83497@localhost>select * from ORDERS where Odate between '1990-10-03' and '1990-10-04';
+------+---------+------------+------+------+
| Onum | Amt     | Odate      | Cnum | Snum |
+------+---------+------------+------+------+
| 3001 |   18.69 | 1990-10-03 | 2008 | 1007 |
| 3003 |  767.19 | 1990-10-03 | 2001 | 1001 |
| 3002 | 1900.10 | 1990-10-03 | 2007 | 1004 |
| 3005 | 5160.45 | 1990-10-03 | 2003 | 1002 |
| 3006 | 1098.16 | 1990-10-03 | 2008 | 1007 |
| 3009 | 1713.23 | 1990-10-04 | 2002 | 1003 |
| 3007 |   75.75 | 1990-10-04 | 2004 | 1002 |
+------+---------+------------+------+------+
7 rows in set (0.01 sec)

OR

kd4_rahul_83497@localhost>select * from ORDERS where Odate in ('1990-10-03','1990-10-04');
+------+---------+------------+------+------+
| Onum | Amt     | Odate      | Cnum | Snum |
+------+---------+------------+------+------+
| 3001 |   18.69 | 1990-10-03 | 2008 | 1007 |
| 3003 |  767.19 | 1990-10-03 | 2001 | 1001 |
| 3002 | 1900.10 | 1990-10-03 | 2007 | 1004 |
| 3005 | 5160.45 | 1990-10-03 | 2003 | 1002 |
| 3006 | 1098.16 | 1990-10-03 | 2008 | 1007 |
| 3009 | 1713.23 | 1990-10-04 | 2002 | 1003 |
| 3007 |   75.75 | 1990-10-04 | 2004 | 1002 |
+------+---------+------------+------+------+
7 rows in set (0.01 sec)


==========================================================================================================================================================================================================
2)WRITE A QUERY THAT SELECTS ALL OF THE CUSTOMERS SERVICED BY PEEL OR MOTIKA. (HINT: THE SNUM FIELD RELATES THE TWO TABLES TO ONE ANOTHER).

kd4_rahul_83497@localhost>select * from CUSTOMERS where Snum in(1001,1004);
+------+----------+--------+--------+------+
| Cnum | Cname    | City   | Rating | Snum |
+------+----------+--------+--------+------+
| 2001 | Hoffaman | London |    100 | 1001 |
| 2006 | Clemens  | London |    100 | 1001 |
| 2007 | Pereira  | Rome   |    100 | 1004 |
+------+----------+--------+--------+------+
3 rows in set (0.00 sec)


==========================================================================================================================================================================================================
3)WRITE A QUERY THAT WILL PRODUCE ALL THE CUSTOMERS WHOSE NAMES BEGIN WITH A LETTER FROM 'A' TO 'G'.

kd4_rahul_83497@localhost>select * from CUSTOMERS where Cname between 'A%' and 'G%' or Cname like 'A%' or Cname like 'G%';
+------+----------+----------+--------+------+
| Cnum | Cname    | City     | Rating | Snum |
+------+----------+----------+--------+------+
| 2002 | Giovanni | Rome     |    200 | 1003 |
| 2004 | Grass    | Berlin   |    300 | 1002 |
| 2006 | Clemens  | London   |    100 | 1001 |
| 2008 | Cisneros | San Jose |    300 | 1007 |
+------+----------+----------+--------+------+
4 rows in set (0.00 sec)



==========================================================================================================================================================================================================
4)WRITE A QUERY THAT SELECTS ALL CUSTOMERS WHOSE NAMES BEGIN WITH THE LETTER 'C'.

kd4_rahul_83497@localhost>select * from  CUSTOMERS where Cname like 'C%';
+------+----------+----------+--------+------+
| Cnum | Cname    | City     | Rating | Snum |
+------+----------+----------+--------+------+
| 2006 | Clemens  | London   |    100 | 1001 |
| 2008 | Cisneros | San Jose |    300 | 1007 |
+------+----------+----------+--------+------+
2 rows in set (0.01 sec)


==========================================================================================================================================================================================================
5)WRITE A QUERY THAT SELECTS ALL ORDERS EXCEPT THOSE WITH ZEROES OR NULLS IN THE AMT FIELD.

kd4_rahul_83497@localhost>select * from ORDERS where Amt!=0 or Amt!=NULL;
+------+---------+------------+------+------+
| Onum | Amt     | Odate      | Cnum | Snum |
+------+---------+------------+------+------+
| 3001 |   18.69 | 1990-10-03 | 2008 | 1007 |
| 3003 |  767.19 | 1990-10-03 | 2001 | 1001 |
| 3002 | 1900.10 | 1990-10-03 | 2007 | 1004 |
| 3005 | 5160.45 | 1990-10-03 | 2003 | 1002 |
| 3006 | 1098.16 | 1990-10-03 | 2008 | 1007 |
| 3009 | 1713.23 | 1990-10-04 | 2002 | 1003 |
| 3007 |   75.75 | 1990-10-04 | 2004 | 1002 |
| 3008 | 4723.00 | 1990-10-05 | 2006 | 1001 |
| 3010 | 1309.95 | 1990-10-06 | 2004 | 1002 |
| 3011 | 9891.88 | 1990-10-06 | 2006 | 1001 |
+------+---------+------------+------+------+
10 rows in set (0.00 sec)


===============================================================================================END========================================================================================================
