1)Write a query that selects all customers whose ratings are equal to or greater than ANY of Serres'.

kd4_rahul_83497@localhost>select * from CUSTOMERS where rating>=ANY(select rating from CUSTOMERS where Snum=(select Snum from SALESPEOPLE where Sname='Serres'));
+------+----------+----------+--------+------+
| Cnum | Cname    | City     | Rating | Snum |
+------+----------+----------+--------+------+
| 2002 | Giovanni | Rome     |    200 | 1003 |
| 2003 | Liu      | San Jose |    200 | 1002 |
| 2004 | Grass    | Berlin   |    300 | 1002 |
| 2008 | Cisneros | San Jose |    300 | 1007 |
+------+----------+----------+--------+------+
4 rows in set (0.00 sec)


==========================================================================================================================================================================================================
2)Write a query using ANY or ALL that will find all salespeople who have no customers located in their city.

kd4_rahul_83497@localhost>SELECT * FROM SALESPEOPLE WHERE SALESPEOPLE.city <> ALL (SELECT CUSTOMERS.city FROM CUSTOMERS WHERE CUSTOMERS.Snum = SALESPEOPLE.Snum);
+------+---------+-----------+------+
| Snum | Sname   | City      | Comm |
+------+---------+-----------+------+
| 1004 | Motika  | London    | 0.11 |
| 1007 | Rifkin  | Barcelona | 0.15 |
| 1003 | Axelrod | New York  | 0.10 |
+------+---------+-----------+------+
3 rows in set (0.01 sec)


==========================================================================================================================================================================================================
3)Write a query that selects all orders for amounts greater than any for the customers in London.

kd4_rahul_83497@localhost>select * from ORDERS where Amt>Any(select Amt from ORDERS join CUSTOMERS on ORDERS.Cnum=CUSTOMERS.Cnum where CUSTOMERS.City='London');
+------+---------+------------+------+------+
| Onum | Amt     | Odate      | Cnum | Snum |
+------+---------+------------+------+------+
| 3002 | 1900.10 | 1990-10-03 | 2007 | 1004 |
| 3005 | 5160.45 | 1990-10-03 | 2003 | 1002 |
| 3006 | 1098.16 | 1990-10-03 | 2008 | 1007 |
| 3009 | 1713.23 | 1990-10-04 | 2002 | 1003 |
| 3008 | 4723.00 | 1990-10-05 | 2006 | 1001 |
| 3010 | 1309.95 | 1990-10-06 | 2004 | 1002 |
| 3011 | 9891.88 | 1990-10-06 | 2006 | 1001 |
+------+---------+------------+------+------+
7 rows in set (0.00 sec)


==========================================================================================================================================================================================================
4)Write the above query using MIN or MAX

kd4_rahul_83497@localhost>select * from ORDERS where Amt>Any(select min(Amt) from ORDERS join CUSTOMERS on ORDERS.Cnum=CUSTOMERS.Cnum where CUSTOMERS.City='London');
+------+---------+------------+------+------+
| Onum | Amt     | Odate      | Cnum | Snum |
+------+---------+------------+------+------+
| 3002 | 1900.10 | 1990-10-03 | 2007 | 1004 |
| 3005 | 5160.45 | 1990-10-03 | 2003 | 1002 |
| 3006 | 1098.16 | 1990-10-03 | 2008 | 1007 |
| 3009 | 1713.23 | 1990-10-04 | 2002 | 1003 |
| 3008 | 4723.00 | 1990-10-05 | 2006 | 1001 |
| 3010 | 1309.95 | 1990-10-06 | 2004 | 1002 |
| 3011 | 9891.88 | 1990-10-06 | 2006 | 1001 |
+------+---------+------------+------+------+
7 rows in set (0.00 sec)

kd4_rahul_83497@localhost>select * from ORDERS where Amt>Any(select max(Amt) from ORDERS join CUSTOMERS on ORDERS.Cnum=CUSTOMERS.Cnum where CUSTOMERS.City='London');
Empty set (0.00 sec)


============================================================================================END===========================================================================================================
