1) Assume there is a table called Multicust, with all of the same column definitions as Salespeople. Write a command that inserts all salespeople with more than one customer into this table.

kd4_rahul_83497@localhost>create table Multicast as select * from SALESPEOPLE where Snum in (select Snum from CUSTOMERS group by Snum having count(Snum)>1);
Query OK, 2 rows affected, 1 warning (0.06 sec)
Records: 2  Duplicates: 0  Warnings: 1

kd4_rahul_83497@localhost>select * from Multicast;
+------+--------+--------+------+
| Snum | Sname  | City   | Comm |
+------+--------+--------+------+
| 1001 | Peel   | London | 0.12 |
| 1004 | Motika | London | 0.11 |
+------+--------+--------+------+
2 rows in set (0.01 sec)


==========================================================================================================================================================================================================
2)Write a command that deletes all customers with no current orders.

kd4_rahul_83497@localhost>delete from CUSTOMERS where Cnum not in (select abcd.Cnum from (select C1.Cnum from CUSTOMERS C1,ORDERS O1 where C1.Cnum=O1.Cnum)as abcd);
Query OK, 1 row affected (0.02 sec)

kd4_rahul_83497@localhost>SELECT * FROM CUSTOMERS;
+------+----------+----------+--------+------+
| Cnum | Cname    | City     | Rating | Snum |
+------+----------+----------+--------+------+
| 2001 | Hoffaman | London   |    100 | 1001 |
| 2002 | Giovanni | Rome     |    200 | 1003 |
| 2003 | Liu      | San Jose |    200 | 1004 |
| 2004 | Grass    | Berlin   |    300 | 1004 |
| 2008 | Cisneros | San Jose |    300 | 1007 |
| 2007 | Pereira  | Rome     |    100 | 1004 |
+------+----------+----------+--------+------+
6 rows in set (0.00 sec)


==========================================================================================================================================================================================================
3)Write a command that increases by twenty percent the commissions of allsalespeople with total current orders above Rs. 3,000.

kd4_rahul_83497@localhost>update SALESPEOPLE set Comm=Comm+0.2 where Snum =(select distinct Snum from ORDERS where Amt>3000);
Query OK, 1 row affected (0.01 sec)
Rows matched: 1  Changed: 1  Warnings: 0

kd4_rahul_83497@localhost>select * from SALESPEOPLE;
+------+---------+-----------+------+
| Snum | Sname   | City      | Comm |
+------+---------+-----------+------+
| 1001 | Peel    | London    | 0.12 |
| 1002 | Serres  | San Jose  | 0.33 |
| 1004 | Motika  | London    | 0.11 |
| 1007 | Rifkin  | Barcelona | 0.15 |
| 1003 | Axelrod | New York  | 0.10 |
| 1100 | Blanco  | San Jose  | NULL |
+------+---------+-----------+------+
6 rows in set (0.00 sec)


===============================================================================================END========================================================================================================
