1)WRITE A QUERY THAT WILL GIVE YOU ALL ORDERS FOR MORE THAN RS. 1,000.

kd4_rahul_83497@localhost>select * from ORDERS where Amt>1000;
+------+---------+------------+------+------+
| Onum | Amt     | Odate      | Cnum | Snum |
+------+---------+------------+------+------+
| 3002 | 1900.10 | 1990-10-03 | 2007 | 1004 |
| 3005 | 5160.45 | 1990-10-03 | 2003 | 1002 |
| 3006 | 1098.16 | 1990-10-03 | 2008 | 1007 |
| 3009 | 1713.23 | 1990-10-04 | 2002 | 1003 |
| 3008 | 4723.00 | 1990-10-05 | 2006 | 1001 |
| 3010 | 1309.95 | 1990-10-06 | 2004 | 1002 |
| 3011 | 9891.88 | 1990-10-06 | 2006 | 1001 |
+------+---------+------------+------+------+
7 rows in set (0.00 sec)


==========================================================================================================================================================================================================
2)WRITE A QUERY THAT WILL GIVE YOU THE NAMES AND CITIES OF ALL SALESPEOPLE IN LONDON WITH A COMMISSION ABOVE .10.

kd4_rahul_83497@localhost>select Sname,City from SALESPEOPLE where City='London' and Comm>0.10;
+--------+--------+
| Sname  | City   |
+--------+--------+
| Peel   | London |
| Motika | London |
+--------+--------+
2 rows in set (0.00 sec)


==========================================================================================================================================================================================================
3)WRITE A QUERY ON THE CUSTOMERS TABLE WHOSE OUTPUT WILL EXCLUDE ALL CUSTOMERS WITH A RATING <= 100, UNLESS THEY ARE LOCATED IN ROME.

kd4_rahul_83497@localhost>select * from CUSTOMERS where !(Rating<=100 and City!='Rome');
+------+----------+----------+--------+------+
| Cnum | Cname    | City     | Rating | Snum |
+------+----------+----------+--------+------+
| 2002 | Giovanni | Rome     |    200 | 1003 |
| 2003 | Liu      | San Jose |    200 | 1002 |
| 2004 | Grass    | Berlin   |    300 | 1002 |
| 2008 | Cisneros | San Jose |    300 | 1007 |
| 2007 | Pereira  | Rome     |    100 | 1004 |
+------+----------+----------+--------+------+
5 rows in set, 1 warning (0.01 sec)


==========================================================================================================================================================================================================
4)WHAT WILL BE THE OUTPUT FROM THE FOLLOWING QUERY?

kd4_rahul_83497@localhost>select * from ORDERS where (Amt<1000 or NOT (Odate='1990-10-03' AND Cnum>2003));
+------+---------+------------+------+------+
| Onum | Amt     | Odate      | Cnum | Snum |
+------+---------+------------+------+------+
| 3001 |   18.69 | 1990-10-03 | 2008 | 1007 |
| 3003 |  767.19 | 1990-10-03 | 2001 | 1001 |
| 3005 | 5160.45 | 1990-10-03 | 2003 | 1002 |
| 3009 | 1713.23 | 1990-10-04 | 2002 | 1003 |
| 3007 |   75.75 | 1990-10-04 | 2004 | 1002 |
| 3008 | 4723.00 | 1990-10-05 | 2006 | 1001 |
| 3010 | 1309.95 | 1990-10-06 | 2004 | 1002 |
| 3011 | 9891.88 | 1990-10-06 | 2006 | 1001 |
+------+---------+------------+------+------+
8 rows in set (0.00 sec)


==========================================================================================================================================================================================================
5)WHAT WILL BE THE OUTPUT OF THE FOLLOWING QUERY?

kd4_rahul_83497@localhost>select * from ORDERS where not((Odate='1990-10-03' or Snum>1006) and amt>=1500);
+------+---------+------------+------+------+
| Onum | Amt     | Odate      | Cnum | Snum |
+------+---------+------------+------+------+
| 3001 |   18.69 | 1990-10-03 | 2008 | 1007 |
| 3003 |  767.19 | 1990-10-03 | 2001 | 1001 |
| 3006 | 1098.16 | 1990-10-03 | 2008 | 1007 |
| 3009 | 1713.23 | 1990-10-04 | 2002 | 1003 |
| 3007 |   75.75 | 1990-10-04 | 2004 | 1002 |
| 3008 | 4723.00 | 1990-10-05 | 2006 | 1001 |
| 3010 | 1309.95 | 1990-10-06 | 2004 | 1002 |
| 3011 | 9891.88 | 1990-10-06 | 2006 | 1001 |
+------+---------+------------+------+------+
8 rows in set (0.00 sec)


==========================================================================================================================================================================================================
6)WHAT IS A SIMPLER WAY TO WRITE THIS QUERY?

kd4_rahul_83497@localhost>select * from SALESPEOPLE where (Comm>0.12 or Comm<0.14);
+------+---------+-----------+------+
| Snum | Sname   | City      | Comm |
+------+---------+-----------+------+
| 1001 | Peel    | London    | 0.12 |
| 1002 | Serres  | San Jose  | 0.13 |
| 1004 | Motika  | London    | 0.11 |
| 1007 | Rifkin  | Barcelona | 0.15 |
| 1003 | Axelrod | New York  | 0.10 |
+------+---------+-----------+------+
5 rows in set (0.00 sec)


==============================================================================================END========================================================================================================
